PlotYear,date,E,A,Ci,gsw,WUE
7101_2022,20220904,0.001364558,10.14263038,94.57543099,0.043628828,232.4754261
7101_2022,20220904,0.002554541,15.63900681,175.2614083,0.089260686,175.2059895
7303_2022,20220902,0.00174971,8.36395595,321.6155585,0.089698129,93.24560103
7303_2022,20220902,0.0017469,7.904094706,334.8276025,0.092528278,85.42355782
7042_2022,20220903,0.00143386,12.20963565,241.9971809,0.086541055,141.0848949
7042_2022,20220903,0.002038106,13.92452301,255.6635888,0.108175653,128.721414
7309_2022,,,,,,
7309_2022,20220902,0.001509781,9.938178132,261.700331,0.076843089,129.3307994
7020_2022,20220902,0.001060554,18.43278346,4.279346165,0.064643045,285.1472028
7020_2022,20220902,0.002236122,30.71009413,134.3798598,0.161980417,189.5914006
7330_2022,20220902,0.001928273,15.37294223,245.5381485,0.114422761,134.352135
7330_2022,20220902,0.001987382,15.39305006,246.3720393,0.115138367,133.6917525
7004_2022,20220902,0.001911215,11.49230144,316.7260841,0.122128312,94.10022338
7004_2022,20220902,0.003645089,9.200772406,392.0863574,0.196692152,46.77752677
7307_2022,20220902,0.00133014,15.72070786,156.93424,0.082150731,191.3641871
7307_2022,20220902,0.000864562,8.252959677,228.8982618,0.053539585,154.1468743
7092_2022,20220904,0.002203656,15.89174694,130.4900844,0.080085801,198.4340138
7092_2022,20220904,0.00245592,14.96724567,192.4607644,0.093322998,160.3811064
7320_2022,20220902,0.000869485,6.691289123,234.6550612,0.044425632,150.6177588
7320_2022,20220902,0.001608819,9.198393039,311.9206515,0.092754883,99.16882801
7074_2022,20220903,0.003329377,23.19534031,206.4495647,0.155489723,149.1760347
7074_2022,20220903,0.002297349,9.554497423,295.2690342,0.090261798,105.8531697
7336_2022,20220902,0.002385215,12.64132695,319.9958274,0.140536423,89.95053866
7336_2022,20220902,0.002269045,12.86914351,339.3259163,0.163386328,78.76511865
7096_2022,20220904,0.002384316,15.4030265,151.0022595,0.080732822,190.7901411
7096_2022,20220904,0.004219752,24.13965381,211.569556,0.168460536,143.2956014
7308_2022,20220902,0.002151521,7.470896664,360.2817945,0.107895337,69.24207173
7308_2022,20220902,0.002082881,6.186259336,381.4380523,0.107782137,57.39596104
7113_2022,20220904,0.003544558,21.55008728,183.6046378,0.131777145,163.5343312
7113_2022,20220904,0.005121402,22.36787909,280.5956612,0.220564128,101.4121348
7517_2022,20220905,0.001494881,5.683591791,284.5717069,0.049096626,115.7633885
7517_2022,20220905,0.002149138,2.904578142,407.2273529,0.072219506,40.21874841
7049_2022,20220903,0.00276919,8.215024434,345.3621957,0.10924238,75.19997673
7049_2022,20220903,0.003404169,15.58827786,366.0345701,0.262699124,59.33890309
7317_2022,20220902,0.001541568,11.25549777,267.7418386,0.089960806,125.1155728
7317_2022,20220902,0.00024863,0.933309447,362.7134158,0.012238861,76.25786803
7037_2022,20220902,0.001710564,12.791902,262.8642745,0.10130436,126.2719788
7037_2022,20220902,0.001845196,7.153823767,371.9398971,0.112230704,63.74212682
7385_2022,20220904,0.002607979,14.44658338,219.3188961,0.100340021,143.9762842
7385_2022,20220904,0.004465013,23.52190412,293.0962767,0.249294559,94.35386081
7193_2022,20220905,0.005572343,24.93723518,269.9967483,0.237548882,104.9772787
7193_2022,20220905,0.005704224,21.42986911,304.7809627,0.247287222,86.65983198
7418_2022,20220905,0.004188856,24.44025044,204.197471,0.16564009,147.550333
7418_2022,20220905,0.003164548,11.07000307,299.0927251,0.110072783,100.5698481
7003_2022,20220902,0.002467457,19.52760352,229.7242664,0.139494005,139.9888369
7003_2022,20220902,0.00208582,13.74058836,263.9469048,0.111065563,123.7160105
7319_2022,20220902,0.001619917,13.99202518,225.7838763,0.094292182,148.390088
7319_2022,20220902,0.001009783,7.223551864,248.1191502,0.051113565,141.3235775
7103_2022,20220904,0.002334398,16.97313741,111.770352,0.079216207,214.263445
7103_2022,20220904,0.002810586,16.9818076,180.5715834,0.099706512,170.3179387
7347_2022,20220903,0.002425471,14.43161565,299.4798278,0.14207943,101.5742789
7347_2022,20220903,0.002678,10.43612322,362.3379285,0.158086465,66.01528613
7007_2022,20220902,0.003385502,24.80431502,240.7899758,0.195316427,126.9955395
7007_2022,20220902,0.003645381,13.06287372,357.9078013,0.203236401,64.27428185
7017_2022,20220902,0.002868107,22.02811457,240.1087998,0.169817881,129.7161079
7017_2022,20220902,0.002240925,12.33900002,299.622609,0.120269846,102.5942947
7025_2022,20220902,0.002101559,15.02640828,297.1438357,0.146107476,102.8448967
7025_2022,20220902,0.002167019,12.21445089,311.8118236,0.127530773,95.77649851
7027_2022,20220902,0.001094224,5.907819297,344.3354743,0.070788108,83.45779346
7027_2022,20220902,0.001936847,5.264865392,403.6382543,0.115351189,45.64205569
7040_2022,20220903,0.004331469,28.56774807,236.6878058,0.229535841,124.4587684
7040_2022,20220903,0.002109279,13.36354331,276.1288166,0.114708005,116.5005294
7046_2022,20220903,0.004299779,29.4455042,226.8749056,0.226854557,129.7990421
7046_2022,20220903,0.004397329,17.09714634,323.5700505,0.213447925,80.09984796
7067_2022,20220903,0.001782032,15.71612073,132.7217339,0.076914275,204.3329503
7067_2022,20220903,0.005101577,31.57012275,267.0237495,0.308102246,102.466383
7081_2022,20220903,0.004164636,16.70365011,306.9314383,0.184550609,90.50986177
7081_2022,20220903,0.004483305,19.85406523,317.8225874,0.24081662,82.44474667
7091_2022,20220904,0.00392947,17.70610149,300.9613779,0.199264191,88.85741789
7091_2022,20220904,0.004322338,17.53596286,316.017396,0.220925086,79.37515462
7097_2022,20220904,0.004695782,27.42226376,208.5854844,0.193724754,141.5527092
7097_2022,20220904,0.004889494,26.13219567,230.1453245,0.202288536,129.1827811
7102_2022,20220904,0.003293529,23.12403758,134.4471074,0.119648306,193.2667361
7102_2022,20220904,0.005511652,29.3366777,240.0227343,0.244814357,119.8323418
7145_2022,20220905,0.004889863,23.2859003,258.119654,0.203259912,114.5621882
7145_2022,20220905,0.006351612,24.36503953,311.2843043,0.304638247,79.9802381
7201_2022,20220905,0.005606387,27.17766082,256.0173492,0.243446177,111.6372463
7201_2022,20220905,0.005753942,27.19040458,264.9696054,0.256426987,106.0356591
7316_2022,20220902,0.001082317,9.680641499,185.0192878,0.054233185,178.5003315
7316_2022,20220902,0.003082445,11.03366018,358.1680462,0.165844365,66.53020849
7331_2022,20220902,0.000618069,10.85982898,22.18730787,0.038462828,282.346087
7331_2022,20220902,0.001667221,20.09737464,172.5185261,0.113529896,177.0227521
7331_2022,20220903,0.003215207,12.89900164,314.7056756,0.142764814,90.35140577
7335_2022,20220902,0.002452326,28.29149444,194.5894636,0.183588322,154.1029088
7335_2022,20220902,0.002416001,28.09975831,198.5983111,0.184862039,152.0039401
7348_2022,20220903,0.000988679,7.018751652,223.9202489,0.044954395,156.1304885
7348_2022,20220903,0.001856288,10.40535582,286.0088584,0.092048791,113.0417435
7348_2022,20220903,0.001791188,9.971916508,310.4948635,0.100733084,98.99345986
7362_2022,20220903,0.00273638,15.05616052,228.0100015,0.105889002,142.1881426
7362_2022,20220903,0.003554917,13.54826061,325.3793998,0.163344513,82.94285716
7376_2022,20220903,0.002442745,19.57191576,159.4494875,0.107032724,182.8591764
7376_2022,20220903,0.003513254,8.321554973,365.0997971,0.134742184,61.75909226
7388_2022,20220904,0.00107393,6.019826385,183.6603181,0.033878595,177.6881947
7388_2022,20220904,0.002347923,16.83101552,206.1813179,0.107512291,156.5496871
7394_2022,20220904,0.001613591,10.61398068,89.16511192,0.046039802,230.5392339
7394_2022,20220904,0.001420157,9.903846902,126.3269607,0.047326797,209.2650999
7409_2022,20220904,0.00332886,22.9000331,138.6616128,0.120084646,190.6990932
7409_2022,20220904,0.0040172,20.83382259,234.2068312,0.157507992,132.2715268
7412_2022,20220904,0.002988304,20.50112167,145.5416335,0.108417676,189.0939045
7412_2022,20220904,0.005357852,28.47237372,241.4221565,0.237440474,119.9137335
7486_2022,20220905,0.003859433,23.06161016,191.3514979,0.146887551,157.0018017
7486_2022,20220905,0.004331667,24.13729485,211.1106977,0.168478535,143.2662912
7516_2022,20220905,0.002767557,14.99217996,198.981131,0.0935771,160.21206
7516_2022,20220905,0.004727356,19.86484887,280.9409006,0.191891978,103.520997
7098_2022,20220904,0.004243579,30.50783244,146.3524219,0.171368535,178.0247024
7098_2022,20220904,0.001875267,10.23215656,198.6436807,0.061703313,165.8283172
7302_2022,20220902,0.001772588,18.36409817,166.2612792,0.10092076,181.965516
7302_2022,20220902,0.001660867,16.05074176,185.115501,0.093118773,172.3684843
7034_2022,20220902,0.001981874,19.0085425,232.0787435,0.135367994,140.4212468
7034_2022,20220902,0.001760242,9.894487077,316.4352678,0.103437278,95.65687795
7321_2022,20220902,0.001964508,14.65486345,270.9943111,0.122858106,119.2828371
7321_2022,20220902,0.002709372,10.74886633,377.8189688,0.190389458,56.45725579
7006_2022,20220902,0.002544432,12.2493705,333.5525156,0.148905409,82.26276387
7006_2022,20220902,0.002707763,6.022189578,412.7685292,0.156444773,38.49402868
7361_2022,20220903,0.002748238,17.48671886,231.4896114,0.125453875,139.3876344
7361_2022,20220903,0.003575617,21.89627573,255.3575965,0.182339378,120.0852826
7008_2022,20220902,0.002294171,19.42486385,217.4306429,0.131176913,148.0814223
7008_2022,20220902,0.004335589,11.05721092,392.2661323,0.247454108,44.68388506
7368_2022,20220903,0.004566323,33.87849268,210.8263446,0.250346862,135.3262126
7368_2022,20220903,0.003268752,18.70186351,232.1442833,0.137595489,135.9191616
7011_2022,20220902,0.0019181,12.21921206,294.2301085,0.114237681,106.9630612
7011_2022,20220902,0.002889646,6.673512513,402.6654815,0.154362623,43.23269703
7363_2022,20220903,0.002738536,20.50116005,187.6538362,0.124932939,164.0973166
7363_2022,20220903,0.002955643,11.95278972,289.705478,0.112702928,106.055716
7110_2022,20220904,0.004434256,25.66406861,208.5433739,0.178854557,143.491276
7110_2022,20220904,0.003020563,13.33589598,253.9330664,0.104936029,127.08596
7342_2022,,,,,,
7342_2022,20220903,0.001298098,0.553929667,472.0480815,0.073290113,7.558040837
7089_2022,20220904,0.002840879,22.18739228,179.8187051,0.132558223,167.378468
7089_2022,20220904,0.002851385,20.391393,207.152513,0.134183288,151.9667114
7390_2022,20220904,0.002122034,13.38352381,166.3731391,0.074838891,178.8311349
7390_2022,20220904,0.002431629,13.92648088,211.3627826,0.092919235,149.8772658
7077_2022,20220903,0.004420246,18.95588439,323.6701367,0.237597763,79.78140935
7077_2022,20220903,0.005147466,15.58836193,377.4385779,0.312849724,49.82699595
7355_2022,20220903,0.001699582,2.984667089,422.2424047,0.085110902,35.06797624
7355_2022,20220903,0.001377086,2.151577685,422.4545697,0.061590649,34.93351215
7028_2022,,,,,,
7028_2022,20220902,0.001705213,3.46538284,419.1015533,0.093080361,37.23001074
7405_2022,20220904,0.002232066,12.91126292,200.4296866,0.079525729,162.3532797
7405_2022,20220904,0.003130729,14.73536753,237.8433157,0.108515911,135.7899261
7100_2022,20220904,0.002795863,19.34557784,137.5305874,0.09907632,195.25935
7100_2022,20220904,0.00425964,9.21705542,374.4676262,0.167089384,55.16242384
7315_2022,20220902,0.001300365,5.139456016,360.0876686,0.070403739,72.99975952
7315_2022,20220902,0.003480149,5.289445908,435.0084509,0.211262043,25.03736986
7029_2022,20220902,0.001411682,17.42398635,150.0756751,0.089852548,193.9175542
7029_2022,20220902,0.001515376,18.70201344,156.2943756,0.099109546,188.7004249
7374_2022,20220903,0.002186057,18.74732795,136.2304977,0.094362171,198.6741906
7374_2022,20220903,0.002028916,17.23163957,138.8948837,0.086786737,198.5515318
7099_2022,20220904,0.003720995,15.6044137,278.0182783,0.142070166,109.8359644
7099_2022,20220904,0.003913654,17.07264722,278.4240825,0.157634472,108.3052901
7397_2022,20220904,0.003795301,20.33440429,226.6727396,0.14769419,137.6791077
7397_2022,20220904,0.00243252,5.286750716,368.3881823,0.084254994,62.74703095
7018_2022,20220902,0.000788511,7.364853038,202.5354246,0.043047749,171.0856714
7018_2022,20220902,0.001338737,5.779071427,348.7495825,0.072741606,79.44657459
7387_2022,20220904,0.002481846,16.3937187,238.4373871,0.119838896,136.7979783
7387_2022,20220904,0.002140218,8.589432856,291.6309473,0.080852673,106.2356078
7059_2022,20220903,0.003249292,24.19545025,196.0737342,0.156264694,154.8363205
7059_2022,20220903,0.004558437,26.39168021,274.2299922,0.255468441,103.3070077
7340_2022,20220903,0.002148616,16.02020611,279.1674132,0.141071136,113.5611902
7340_2022,20220903,0.002311245,16.28599462,281.7375265,0.146315205,111.3076021
7071_2022,20220903,0.001864369,14.10372793,171.1972606,0.077786376,181.3136009
7071_2022,20220903,0.002402939,13.46254492,216.2818422,0.089003383,151.2588001
7326_2022,20220902,0.001425176,17.02067123,185.166898,0.098625517,172.5787783
7326_2022,20220902,0.002455257,26.61854872,223.493655,0.192972885,137.939321
7012_2022,20220902,0.002141472,13.91772325,276.1859486,0.119279055,116.6820382
7012_2022,20220902,0.00220807,6.822527923,383.4801409,0.121313523,56.23880796
7366_2022,20220903,0.002120273,11.7279467,260.8247048,0.092456643,126.8480697
7366_2022,20220903,0.00186984,9.810965354,272.118807,0.080467629,121.9243748
7031_2022,20220902,0.002942668,18.57201703,335.0356947,0.243254684,76.3480346
7031_2022,20220902,0.001698432,8.143105489,355.2983635,0.109932138,74.07392995
7393_2022,20220904,0.002009293,10.03341168,236.3574564,0.072154476,139.0545984
7393_2022,20220904,0.002133449,8.339302827,302.058212,0.083176661,100.2601298
7005_2022,20220902,0.002674345,13.8974327,317.8687824,0.154963627,89.68190129
7005_2022,20220902,0.00160367,6.364738478,353.7425331,0.084684775,75.15800187
7343_2022,20220903,0.00234669,15.97624631,256.4101929,0.126056305,126.7389704
7343_2022,20220903,0.002550304,16.52374224,283.0330533,0.150618935,109.7056107
7065_2022,20220903,0.002306378,13.20853492,201.3737843,0.082174817,160.7370165
7065_2022,20220903,0.002692331,14.68248732,226.0871911,0.102179168,143.6935494
7391_2022,20220904,0.001724691,12.03421756,122.3221457,0.05767296,208.6630816
7391_2022,20220904,0.001811657,13.07877728,148.1047343,0.068222725,191.7070489
7084_2022,20220903,0.002260275,17.60656108,164.263679,0.09679523,181.8949248
7084_2022,20220903,0.00262869,21.23748967,164.8301795,0.119384335,177.8917617
7370_2022,20220903,0.002498589,15.69245849,188.7212851,0.09427641,166.4515915
7370_2022,20220903,0.002358684,10.71438556,276.1542979,0.09191948,116.5627303
7045_2022,,,,,,
7045_2022,20220903,0.003167673,17.31524898,246.4368006,0.134788248,128.4626014
7311_2022,,,,,,
7311_2022,20220902,0.002505972,24.62968654,172.0660266,0.143836666,171.2337141
7058_2022,20220903,0.002331593,19.30507942,151.1235446,0.102367287,188.5864126
7058_2022,20220903,0.002788495,13.13159241,268.634525,0.110678788,118.6459723
7400_2022,20220904,0.003551847,21.53734736,180.4718302,0.130153487,165.4765297
7400_2022,20220904,0.002590628,14.04712598,210.984794,0.091108157,154.180772
7090_2022,20220904,0.001954195,7.853503146,233.038107,0.055462023,141.6014549
7090_2022,20220904,0.000697583,0.449168248,450.5708978,0.025987932,17.28372415
7372_2022,20220903,0.001354251,7.317885306,214.7138556,0.046066747,158.8539626
7372_2022,20220903,0.001921105,10.54790072,226.0762857,0.071045412,148.4670216
7021_2022,20220902,0.001144331,19.60806814,11.7450325,0.070247402,279.1287305
7021_2022,20220902,0.002158819,27.25777344,169.1659356,0.158908706,171.5310264
7337_2022,20220902,0.002045416,16.14209997,253.502385,0.125603213,128.5166166
7337_2022,20220902,0.002245801,16.98806275,261.3488692,0.13863595,122.5372117
7072_2022,,,,,,
7072_2022,20220903,0.005311814,9.085613429,419.0461522,0.30351158,29.93498116
7396_2022,20220904,0.003398276,13.46559398,290.962677,0.129435239,104.0334463
7396_2022,20220904,0.003367582,12.88355836,295.3705443,0.12666888,101.7105256
7087_2022,20220904,0.003903524,23.02531108,256.6740092,0.195629773,117.698399
7087_2022,20220904,0.003911939,18.08762259,312.7307732,0.206223558,87.70880866
7378_2022,20220904,0.002737473,13.80604043,276.7952262,0.12135094,113.7695384
7378_2022,20220904,0.00435532,15.40081072,311.5002807,0.184220404,83.59991828
7064_2022,20220903,0.001960532,13.9176295,199.3529937,0.08498534,163.7650623
7064_2022,20220903,0.003117155,10.78415805,319.7893872,0.122110985,88.31439735
7398_2022,20220904,0.001589286,12.06774697,98.38919399,0.052870082,228.2528514
7398_2022,20220904,0.002124962,11.28284004,185.3510436,0.065676773,171.7934595
7044_2022,20220903,0.00139154,11.01102482,218.3658897,0.070693093,155.758142
7044_2022,,,,,,
7352_2022,20220903,0.002924408,15.61279199,309.0498232,0.167804303,93.04166646
7352_2022,,,,,,
7107_2022,,,,,,
7107_2022,20220904,0.004032081,27.45740377,160.8507141,0.159578936,172.0615794
7338_2022,20220902,0.001645936,15.57320072,192.5545712,0.092989474,167.4727262
7338_2022,20220902,0.002129897,17.09331309,253.1296137,0.133783176,127.7687793
7076_2022,20220903,0.001535107,12.64408186,140.1392999,0.062408717,202.6012145
7076_2022,20220903,0.003994758,28.46614022,219.5434182,0.209950723,135.584864
7389_2022,20220904,0.002849502,14.2300316,260.1964058,0.119735505,118.8455471
7389_2022,20220904,0.002744779,11.59977016,306.2058188,0.119159333,97.34671946
7033_2022,20220902,0.001477167,14.41048779,206.8381133,0.089880892,160.3287136
7033_2022,20220902,0.002282369,13.98915145,306.4359525,0.143361023,97.5798802
7401_2022,,,,,,
7401_2022,20220904,0.002297007,13.6553729,149.4094229,0.071074125,192.1286108
7019_2022,20220902,0.002421614,12.69076907,300.0765579,0.125061766,101.4760104
7019_2022,20220902,0.002580299,8.035280111,388.2916247,0.153706581,52.27674742
7329_2022,20220902,0.002041659,14.8754553,277.6668694,0.129522695,114.8482534
7329_2022,20220902,0.002112514,17.20439404,282.1618968,0.155104708,110.9211594
7001_2022,20220902,0.002934848,21.67493586,255.1735467,0.17792629,121.8197483
7001_2022,20220902,0.003397606,14.92245487,346.0835643,0.211298884,70.62249732
7369_2022,20220903,0.003382572,15.29963155,296.1852385,0.153681344,99.55425396
7369_2022,20220903,0.004307347,14.11655994,338.053387,0.191799493,73.60061134
7057_2022,20220903,0.002563646,12.16784824,357.014572,0.177489595,68.55527638
7057_2022,20220903,0.003764006,9.94756767,410.3831014,0.273659123,36.35021395
7312_2022,20220902,0.003352251,15.05534066,346.8241931,0.212141653,70.96833859
7312_2022,20220902,0.00462672,4.127164205,452.8261723,0.284562018,14.50356669
7214_2022,20220905,0.002704197,15.2325004,197.5798273,0.094457604,161.2628286
7214_2022,20220905,0.005247098,22.30482602,284.9416454,0.226275899,98.5735826
7414_2022,20220904,0.00249808,17.45596347,130.8655959,0.086609798,201.5472137
7414_2022,20220904,0.003882215,26.26419079,164.6038926,0.153534663,171.063591
7023_2022,20220902,0.001821926,28.81288063,71.24162957,0.124467225,231.4897004
7023_2022,20220902,0.002384209,16.2561171,288.4630418,0.152852912,106.3513733
7339_2022,,,,,,
7339_2022,20220903,0.002659074,15.98488233,299.7284458,0.161388637,99.04589708
7125_2022,20220905,0.001996639,13.23026753,132.4725376,0.064649932,204.6447246
7125_2022,20220905,0.002328625,9.014108236,275.0037523,0.07644885,117.9103183
7423_2022,20220905,0.003659611,22.51843549,178.5290306,0.135897852,165.7011878
7423_2022,20220905,0.003533427,18.20554213,243.0662423,0.140288849,129.7718405
7078_2022,20220903,0.002578326,20.30563507,162.482477,0.11268557,180.1972965
7078_2022,20220903,0.00133928,3.383854089,352.8825967,0.04524495,74.78965252
7334_2022,20220902,0.001589233,9.954305859,298.4363564,0.093011683,107.0221024
7334_2022,20220902,0.00201495,14.18547304,303.3108588,0.140894763,100.6813365
7070_2022,20220903,0.001259447,6.712745085,254.9419588,0.049440327,135.7746903
7070_2022,20220903,0.002986373,10.8153464,340.1591886,0.139215374,77.68787375
7328_2022,20220902,0.001253738,12.22247668,184.7759653,0.069313313,176.3366394
7328_2022,20220902,0.002251313,14.66229693,290.9471457,0.137789089,106.411161
7061_2022,20220903,0.002293958,19.71711068,140.2582417,0.101062514,195.0981615
7061_2022,20220903,0.003140714,16.95457534,342.7973793,0.233887542,72.49028826
7304_2022,20220902,0.002116881,19.704206,198.5240072,0.123186034,159.9548696
7304_2022,20220902,0.000923413,8.55019143,205.186249,0.0508687,168.0835451
7052_2022,20220903,0.00284974,20.38492544,269.6197247,0.178378568,114.279006
7052_2022,20220903,0.003627665,17.00926291,346.8108298,0.248950881,68.3237707
7351_2022,20220903,0.001959694,11.5772317,289.1262888,0.104540034,110.74448
7351_2022,20220903,0.003323799,16.5314672,321.051623,0.195909463,84.38319899
7093_2022,20220904,0.002542145,19.32638309,198.6921166,0.121682796,158.8259288
7093_2022,20220904,0.002498109,13.75212896,259.4270919,0.109512953,125.5753642
7305_2022,20220902,0.001221902,5.85985655,327.1614385,0.063177583,92.75214834
7305_2022,,,,,,
7114_2022,,,,,,
7114_2022,20220904,0.003116989,23.53496713,106.7341791,0.111836088,210.4416164
7485_2022,20220905,0.003798514,19.98718702,224.0129972,0.143340814,139.4382135
7485_2022,20220905,0.004651279,23.47050738,236.8769041,0.184022912,127.5412237
7094_2022,20220904,0.003713251,23.76469711,242.23865,0.188314284,126.1969969
7094_2022,20220904,0.002806279,14.40878839,287.986063,0.134322047,107.2704646
7356_2022,20220903,0.001963728,15.82046276,243.436138,0.116470441,135.8324277
7356_2022,20220903,0.001654332,8.000135707,332.8543067,0.091968437,86.98784026
7032_2022,20220902,0.00089207,10.31149148,156.1725514,0.052155809,197.7055227
7032_2022,20220902,0.002327236,17.30304222,269.7476348,0.147934207,116.9644437
7377_2022,20220904,0.001830252,11.14762,93.79830837,0.04931705,226.0398787
7377_2022,20220904,0.002493085,12.4335435,267.5676102,0.106233079,117.0402253
7016_2022,20220902,0.001378573,13.46348467,196.9970705,0.080094578,168.0948325
7016_2022,20220902,0.001245653,11.54742838,203.6578237,0.069659451,165.7697299
7407_2022,20220904,0.002239893,19.88585289,36.26688788,0.076648873,259.4409038
7407_2022,20220904,0.0042107,21.27975922,242.5953942,0.168115103,126.5785098
7066_2022,,,,,,
7066_2022,20220903,0.001494338,10.60262604,295.1453736,0.096778787,109.555269
7333_2022,20220902,0.001621196,10.16033757,303.5092807,0.097838842,103.8476883
7333_2022,20220902,0.002514785,14.71032986,318.428359,0.16505604,89.12324481
7036_2022,,,,,,
7036_2022,20220902,0.001973984,6.615862579,393.9540027,0.12999274,50.89409285
7327_2022,20220902,0.001367019,12.07095994,268.068851,0.096050578,125.6729547
7327_2022,20220902,0.001220167,0.449096595,477.1196633,0.079644313,5.638777938
7062_2022,20220903,0.003467708,23.76024803,218.8891299,0.168671338,140.8671343
7062_2022,20220903,0.003130279,15.31118386,256.3891543,0.123700408,123.7763408
7354_2022,20220903,0.001760953,5.503909339,378.3801591,0.091232839,60.32816033
7354_2022,20220903,0.002993964,8.848641692,402.347319,0.204618234,43.24463915
7041_2022,20220903,0.002391168,13.90911194,249.5563494,0.105582983,131.7363039
7041_2022,20220903,0.004158405,23.49023808,275.5412353,0.222750966,105.4551569
7406_2022,20220904,0.003238162,19.93416377,173.9145848,0.116269165,171.4484126
7406_2022,20220904,0.00391896,21.83293174,219.6213053,0.155210713,140.6663968
7068_2022,20220903,0.003198134,11.86856324,307.099364,0.124763936,95.12815659
7068_2022,20220903,0.003663022,10.19180293,356.824125,0.154664934,65.89601577
7322_2022,20220902,0.00122077,12.05842136,235.2618706,0.082430877,146.2852489
7322_2022,20220902,0.001226067,8.356605125,270.7374913,0.066312854,126.0178777
7095_2022,20220904,0.003811506,20.06823181,269.8562866,0.190652771,105.2606354
7095_2022,20220904,0.003963762,14.12663759,323.911801,0.180101638,78.43703004
7371_2022,20220903,0.004262787,31.86582665,205.0026463,0.225929816,141.0430337
7371_2022,20220903,0.003556732,14.99688532,291.150943,0.146835045,102.1342372
7047_2022,20220903,0.002252693,11.98275548,236.5150945,0.085432411,140.2600645
7047_2022,20220903,0.00298191,16.58590043,318.1921305,0.191092585,86.79510212
7382_2022,20220904,0.002292781,16.65261723,97.65666456,0.07456319,223.3356329
7382_2022,20220904,0.004178473,17.31935667,270.4513011,0.162686172,106.4586895
7258_2022,20220905,0.002153908,13.11106178,156.7720419,0.069297149,189.2005944
7258_2022,20220905,0.004302408,20.93048221,244.5475171,0.167004244,125.3290438
7411_2022,20220904,0.003214548,18.89256104,187.3910449,0.115284365,163.8779122
7411_2022,20220904,0.003436639,19.48736459,209.1308903,0.130241479,149.6248717
7048_2022,20220903,0.002487261,22.40018668,236.5313357,0.167587015,133.6630208
7048_2022,20220903,0.002514092,12.41350054,331.1706261,0.149378112,83.1012012
7358_2022,20220903,0.002635292,19.70172195,187.8082108,0.119569708,164.7718497
7358_2022,20220903,0.00314151,13.77711868,276.6530676,0.122538814,112.4306514
7010_2022,20220902,0.002530053,6.460631712,396.2307973,0.135103175,47.81998433
7010_2022,20220902,0.002376666,1.557561921,460.4312334,0.12508132,12.45239434
7301_2022,20220902,0.002554037,23.02669131,204.066607,0.150851162,152.645104
7301_2022,20220902,0.003265917,21.66533632,269.4783688,0.192862828,112.3354694
7085_2022,20220903,0.003243797,21.57326454,222.135105,0.153030172,140.9739286
7085_2022,20220904,0.003174564,16.26262068,280.4987229,0.148420616,109.5711709
7353_2022,20220903,0.002071165,17.52861266,187.2713106,0.104498472,167.7403729
7353_2022,20220903,0.002445718,17.16574296,265.5609341,0.143935091,119.2603057
7026_2022,20220902,0.001092951,6.10821521,307.1179632,0.057937982,105.4267857
7026_2022,20220902,0.000739092,0.514035596,465.4003893,0.042105643,12.20823527
7345_2022,20220903,0.002934656,21.05908107,280.4494503,0.19677179,107.0228668
7345_2022,20220903,0.002078105,13.65802473,282.1987182,0.12042527,113.4149397
7035_2022,20220902,0.002464078,15.00168386,306.9013211,0.156257442,96.00620404
7035_2022,20220902,0.002183486,12.04573747,321.1692166,0.133540868,90.20262973
7383_2022,20220904,0.003504683,18.26495973,216.5248229,0.125308105,145.7604018
7383_2022,20220904,0.005049892,16.49104416,321.1939346,0.21785612,75.69695155
7079_2022,20220903,0.005208617,32.69156238,252.5082746,0.296944953,110.0930056
7079_2022,20220903,0.004266376,15.66496014,314.3214371,0.18105677,86.51960454
7324_2022,20220902,0.002180964,24.03353785,220.2954386,0.168157093,142.9231287
7324_2022,20220902,0.002851667,17.5054168,347.8365844,0.251517577,69.59917875
7009_2022,20220902,0.003533464,12.39055397,361.7683438,0.197416145,62.76363045
7009_2022,20220902,0.000461971,1.510901396,384.1683398,0.024358612,62.02740107
7373_2022,20220903,0.004685283,16.76565602,329.4285013,0.219584527,76.35171863
7373_2022,,,,,,
7271_2022,20220905,0.003385215,23.66871452,126.2578208,0.119797688,197.5723815
7271_2022,20220905,0.002563144,7.622320035,322.7037086,0.085611876,89.03344245
7410_2022,,,,,,
7410_2022,20220904,0.00329313,26.63643014,88.17249534,0.121578149,219.0889593
7024_2022,20220902,0.002417684,15.77870396,295.445221,0.154118272,102.3804884
7024_2022,20220902,0.00219116,12.17134907,325.3599021,0.138887923,87.63432275
7325_2022,20220902,0.001376651,11.99462682,263.2843826,0.09323333,128.6517045
7325_2022,20220902,0.002062248,18.50147613,263.384374,0.152334383,121.4530546
7108_2022,20220904,0.003082901,20.57817807,157.3014282,0.113393664,181.4755547
7108_2022,,,,,,
7404_2022,20220904,0.002582079,19.24437058,112.9090819,0.091095153,211.2557029
7404_2022,20220904,0.003686708,19.83680355,226.9194379,0.143620394,138.1196848
7063_2022,20220903,0.00356188,19.86789803,280.4813364,0.186618687,106.4625325
7063_2022,20220903,0.003452305,11.2185292,341.2719277,0.149583439,74.99847092
7386_2022,20220904,0.002404206,17.2736193,195.3380113,0.106178491,162.6847315
7386_2022,20220904,0.002239326,12.93987046,211.5084493,0.085537138,151.2778047
7039_2022,20220903,0.001618929,14.51173089,184.5440409,0.083755072,173.2639056
7039_2022,20220903,0.001594871,7.850979715,248.1154067,0.057176597,137.31107
7360_2022,20220903,0.002018297,15.91183725,170.0452151,0.088236944,180.3307836
7360_2022,20220903,0.00295525,19.21293051,233.8913002,0.140953906,136.3064782
7060_2022,,,,,,
7060_2022,20220903,0.003820647,27.45782974,209.2245589,0.191909429,143.0770228
7367_2022,20220903,0.002211391,16.29111213,186.3005458,0.096170804,169.3976909
7367_2022,20220903,0.002402743,12.56735716,240.6566958,0.091756346,136.9644467
7170_2022,20220905,0.004232834,19.80034708,257.4610236,0.167071358,118.5143122
7170_2022,20220905,0.00556828,24.58498704,275.5805051,0.240965523,102.0269901
7408_2022,20220904,0.002916279,21.09517985,124.0996672,0.104419849,202.0227002
7408_2022,20220904,0.002744318,18.04270578,152.6590087,0.096490482,186.9894875
7022_2022,20220902,0.001925499,19.55199756,221.8630817,0.133419569,146.545201
7022_2022,20220902,0.002389497,24.48842715,228.4791837,0.178721993,137.0196624
7314_2022,20220902,0.003670101,9.272484728,395.0919057,0.20531498,45.16224159
7314_2022,20220902,0.003730553,9.152038614,398.6854723,0.212421189,43.08439595
7106_2022,20220904,0.003821012,27.05064885,135.6924721,0.14366043,188.295753
7106_2022,20220904,0.004011131,23.27643326,189.1138917,0.147439353,157.8712385
7350_2022,20220903,0.001000489,8.037982116,208.1786376,0.048582974,165.44854
7350_2022,20220903,0.001383149,10.45664181,264.6412036,0.081417775,128.4319279
7167_2022,20220905,0.004478562,23.82838516,224.0138924,0.176152566,135.2712918
7167_2022,20220905,0.003364508,17.57163193,225.5533378,0.124455454,141.1881229
7420_2022,20220905,0.003780884,19.49872431,222.5198355,0.138631049,140.6519279
7420_2022,20220905,0.003808794,17.62576265,248.230703,0.139500798,126.3488303
7043_2022,20220903,0.001945357,10.11375422,322.1626859,0.110661581,91.39354534
7043_2022,20220903,0.004294166,14.50510151,355.4200554,0.228134021,63.58149235
7359_2022,20220903,0.00404063,19.61438369,296.6296207,0.204425789,95.94867549
7359_2022,20220903,0.002772774,8.110230227,351.8016415,0.113376,71.53392453
7056_2022,20220903,0.003710107,14.69364449,313.6279227,0.165460706,88.80443487
7056_2022,20220903,0.002651828,6.474442639,388.4352613,0.124800367,51.87839423
7344_2022,20220903,0.000960246,3.123122713,377.9691551,0.048978917,63.76463393
7344_2022,20220903,0.001902334,4.44568995,407.4107438,0.102083874,43.54938518
7014_2022,20220902,0.000770596,5.467576653,266.3838709,0.041254923,132.5314958
7014_2022,20220902,0.001607706,5.406475155,386.2987597,0.095523068,56.5986339
7357_2022,20220903,0.001550475,8.277491287,291.0571983,0.073851448,112.0829924
7357_2022,20220903,0.002918342,15.3469029,316.8293181,0.173121975,88.64791948
7002_2022,20220902,0.002609248,25.90365146,169.2066502,0.150977229,171.5732341
7002_2022,20220902,0.002537047,16.92180245,273.5223341,0.147962803,114.3652466
7384_2022,20220904,0.003849945,22.05871394,194.1708412,0.141380084,156.024196
7384_2022,20220904,0.002907415,16.81222361,229.9965173,0.124854566,134.6544556
7109_2022,20220904,0.002216651,11.27184391,210.825517,0.07197583,156.6059594
7109_2022,,,,,,
7313_2022,20220902,0.001835555,13.32279669,242.8863401,0.096762636,137.6853426
7313_2022,20220902,0.002318479,12.55570347,300.0921723,0.123256918,101.8661157
7073_2022,20220903,0.003268408,20.81280796,245.6488634,0.163399086,127.3740782
7073_2022,20220903,0.004012385,17.20056453,298.472303,0.180104372,95.50331477
7399_2022,20220904,0.003352164,24.30378481,125.2740016,0.122824388,197.8742594
7399_2022,20220904,0.002766967,17.9935425,152.2541799,0.096127038,187.1850301
7075_2022,20220903,0.002774302,25.84013051,115.8980559,0.126637528,204.04797
7075_2022,20220903,0.001719665,7.016035824,278.6649982,0.059337438,118.239615
7365_2022,20220903,0.002067325,13.95945126,159.1006721,0.074586759,187.1572307
7365_2022,20220903,0.001865707,14.11323998,173.9126529,0.078641899,179.4620954
7051_2022,20220903,0.001760411,11.10562953,311.052998,0.11242772,98.7801721
7051_2022,20220903,0.001831684,7.962198584,348.7460806,0.103435387,76.97751045
7318_2022,20220902,0.001383231,12.72081075,211.7746239,0.080105661,158.8003968
7318_2022,20220902,0.00152965,1.602075165,451.5395197,0.084416572,18.97820685
7015_2022,20220902,0.000289768,2.889529614,187.9773264,0.015586835,185.3827037
7015_2022,20220902,0.001247151,2.82730989,415.9883073,0.069799416,40.50621126
7306_2022,20220902,0.002661243,24.29197396,198.1924049,0.156737165,154.9854111
7306_2022,20220902,0.00205573,18.97083805,204.5379657,0.120793873,157.051327
7243_2022,20220905,0.00264431,14.28155992,210.2067854,0.092587293,154.2496757
7243_2022,20220905,0.005429483,22.12130931,294.0314173,0.237675959,93.07339877
7413_2022,20220904,0.002804004,18.04735462,156.4967535,0.097888,184.3673854
7413_2022,,,,,,
7082_2022,20220903,0.004384855,27.30639378,250.6543941,0.233364691,117.0116767
7082_2022,20220903,0.00470007,15.69689068,343.2913238,0.227579355,68.97326289
7341_2022,20220903,0.00237764,16.22772431,274.3723788,0.14044584,115.5443572
7341_2022,20220903,0.002079468,15.17326471,278.796512,0.132481455,114.5312354
7083_2022,20220903,0.001145308,4.548490772,275.1165354,0.0370298,122.8332525
7083_2022,20220903,0.003312225,10.1432445,345.5777366,0.138611187,73.17767577
7364_2022,20220903,0.00319012,22.05589772,211.8061777,0.150006946,147.0325095
7364_2022,20220903,0.002343997,15.46374219,224.1497853,0.105594087,146.4451527
7086_2022,20220904,0.002086622,15.35947864,174.0728663,0.086309415,177.9583217
7086_2022,20220904,0.002353369,12.235492,248.6153785,0.094866411,128.9760187
7392_2022,20220904,0.001809183,14.57424919,95.35411527,0.065367142,222.9598655
7392_2022,20220904,0.002269633,13.20592076,229.7453108,0.094313581,140.0214118
7038_2022,20220902,0.001713017,9.68196139,346.1468499,0.123493479,78.40058818
7038_2022,20220902,0.001722185,8.855979863,348.9464038,0.114274961,77.4971156
7402_2022,20220904,0.004243559,23.19508537,219.8237338,0.167109439,138.8017667
7402_2022,20220904,0.003401106,14.57947665,263.9630154,0.122071952,119.4334686
7053_2022,20220903,0.001950374,13.49244878,264.2140914,0.108675502,124.1535446
7053_2022,20220903,0.004205204,1.634540493,461.7022959,0.18528142,8.821934185
7381_2022,20220904,0.003951982,14.66630786,283.9580757,0.145027507,101.1277665
7381_2022,20220904,0.004958448,18.88181967,287.0894451,0.201739479,93.5950651
7112_2022,20220904,0.004737426,32.19653976,156.0293688,0.1896137,169.8007041
7112_2022,20220904,0.005076865,30.58071971,203.6666154,0.216058684,141.538952
7532_2022,20220905,0.002719378,17.39400662,156.7631168,0.094057633,184.9292404
7532_2022,20220905,0.003799925,23.1635248,181.5235307,0.142008085,163.1141269
7050_2022,20220903,0.001365353,10.01842752,256.0531364,0.075050096,133.4898695
7050_2022,20220903,0.002748615,8.050226011,363.4422861,0.123540098,65.1628592
7310_2022,20220902,0.001838755,9.295331155,316.8679755,0.09759501,95.24391826
7310_2022,20220902,0.001818131,3.038162134,428.3577606,0.096025876,31.6389942
7030_2022,20220902,0.002260921,9.861752387,366.3724422,0.152526221,64.65611173
7030_2022,20220902,0.003687491,13.72016374,400.2506909,0.338388708,40.54557205
7403_2022,20220904,0.001711323,12.7447447,106.837061,0.057399113,222.0373109
7403_2022,20220904,0.003709509,20.07053977,219.4285053,0.140929709,142.4152502
7105_2022,20220904,0.002196351,14.75724889,135.5368126,0.073294025,201.3431366
7105_2022,20220904,0.004945539,27.57410225,219.1393884,0.204805459,134.6355824
7332_2022,20220902,0.002101479,28.27729116,151.1372037,0.155515657,181.8292235
7332_2022,20220902,0.002115396,19.64992102,250.2432266,0.15299085,128.4385375
7013_2022,,,,,,
7013_2022,20220902,0.00151409,7.921050583,302.498167,0.075053885,105.5381821
7375_2022,20220903,0.003365838,26.47270766,181.5970345,0.163732482,161.6826871
7375_2022,20220903,0.004862802,20.83358668,336.4127556,0.296379006,70.29373288
7375_2023,20230830,0.00207501,23.64288497,91.92762905,0.098793858,239.3153325
7375_2023,20230830 07:53:50,0.003419528,33.7147292,170.0449678,0.199562235,168.9434337
7118_2023,20230830 08:55:50,0.002450885,25.06435118,157.7863362,0.135852663,184.4965757
7118_2023,20200830,0.0035396,32.76308699,185.6833716,0.185651613,176.4761774
7555_2023,20230902,0.002035983,16.06707933,238.8303849,0.107358354,149.6583985
7555_2023,20230902,0.004247098,26.90482602,255.1416454,0.211275899,127.3445109
7097_2023,20230830 09:10:51,0.001264521,12.42296158,153.2404705,0.062555718,198.5903447
7097_2023,20230830 09:15:43,0.002007709,20.37811264,148.207188,0.104707415,194.619575
7353_2023,20200830,0.001713873,16.40016533,155.1302182,0.081193476,201.9887087
7353_2023,20230830 08:18:25,0.002175411,24.22230364,137.2690294,0.122006646,198.5326572
7121_2023,20230831 07:30:08,0.002005073,16.3155056,222.4411711,0.10766915,151.5337084
7121_2023,20230831 07:31:47,0.002326247,15.07176385,270.9969519,0.124145543,121.4039864
7541_2023,20230902,0.002973665,15.61077326,169.1526669,0.10902063,143.1910021
7541_2023,20230902,0.003078152,13.34653692,344.4062208,0.169410232,78.78235432
7200_2023,20230901,0.001128078,9.426472189,178.2535246,0.049794355,189.3080497
7200_2023,20230901 07:34:04,0.001286238,14.30949771,103.8024398,0.062421349,229.2404419
7494_2023,20230901 07:49:10,0.001564781,17.31089587,111.5891097,0.078035192,221.8344746
7494_2023,20230901 07:47:09,0.001767169,12.67717383,243.6528057,0.089460173,141.7074596
7462_2023,20230901,0.001301101,13.88410044,109.6848727,0.059938164,231.6404036
7462_2023,20230901 07:07:46,0.002006648,15.88773057,202.7783342,0.096515069,164.6139895
7242_2023,20230902,0.001385215,11.58672,310.7158274,0.110536423,104.8226429
7242_2023,20230902,0.001479192,12.37279818,331.7957302,0.118035549,104.8226429
7327_2023,20230830 07:09:58,0.002210971,17.26826217,222.4634254,0.115032819,150.1159604
7327_2023,20200830,0.002545508,24.08114687,163.2076591,0.124326146,193.6933428
7120_2023,20230830 08:53:10,0.002480129,20.90848698,209.3607974,0.134552247,155.3930715
7120_2023,20230830 09:02:09,0.002881499,25.16941509,210.7872568,0.166807632,150.8888695
7396_2023,20200830,0.002832434,25.54071979,179.7780457,0.139686414,182.8432628
7396_2023,20200830,0.003025158,12.72264876,355.9771537,0.165733899,76.76551878
7102_2023,20200830,0.002136353,15.29037132,245.2279915,0.105394707,145.0772227
7102_2023,20200830,0.003709396,13.02496224,368.7272414,0.193108388,67.44897179
7371_2023,20230830 08:15:48,0.002035566,20.58251352,164.0538196,0.111399986,184.7622636
7371_2023,20230830 08:11:52,0.002156544,22.97740889,141.8640217,0.116965803,196.4455277
7018_2023,20230830 07:06:30,0.000549323,0.151693005,471.1812857,0.023718263,6.39562036
7018_2023,20200830,0.002944095,18.04979201,288.9821058,0.154502821,116.8249997
7383_2023,20230830 08:49:30,0.00197806,18.22774268,184.0025084,0.104901118,173.7611858
7383_2023,20230830 09:09:12,0.00208954,19.60334143,177.1479394,0.110642691,177.1770117
7226_2023,20230901 08:50:05,0.000517163,0.694228508,439.880275,0.025339971,27.39657819
7226_2023,20230901 08:51:13,0.000875502,1.462797397,429.201411,0.043755405,33.4312392
7226_2023,20230901 08:48:21,0.001586916,14.4306285,207.5182044,0.087940428,164.0955001
7430_2023,20230831 06:55:45,0.002307728,21.25918988,118.8135025,0.100591753,211.3412799
7430_2023,20230831 06:53:18,0.003192783,25.13814266,162.8520371,0.140173747,179.3355976
7198_2023,20230901,0.001084727,6.857165144,257.288466,0.048664127,140.9080076
7198_2023,20230901,0.002114364,18.0064144,189.8009369,0.10081556,178.6074925
7367_2023,20230901,0.003964413,31.9076915,231.9873062,0.217198883,146.9054128
7367_2023,20230901,0.003955283,30.76922735,241.8073887,0.218434327,140.8626005
7137_2023,20230831 07:14:05,0.002228231,17.50098081,203.1875025,0.108201606,161.7441872
7137_2023,20230831 07:13:12,0.003051197,17.71511758,284.8140554,0.160729412,110.2170244
7404_2023,20230830 08:59:01,0.001338788,9.836608391,232.5718264,0.065394078,150.4204766
7404_2023,20230830 09:07:27,0.001826439,13.07047797,245.5270474,0.093847259,139.2739449
7124_2023,20230831 07:34:13,0.00177607,15.79978846,187.8712549,0.090970239,173.6808508
7124_2023,20230831 07:32:41,0.002299086,22.75029454,160.9757579,0.123272592,184.5527394
7446_2023,20230831 06:48:11,0.001974755,15.82368031,142.5798526,0.07885542,200.6669961
7446_2023,20230831 07:20:36,0.001841205,20.9992498,90.76053264,0.091173805,230.3210863
7446_2023,20230831 07:03:28,0.002849926,30.80061686,79.40503402,0.134874622,228.364806
7110_2023,20200830,0.000967404,8.876254919,154.4078151,0.043377147,204.629752
7110_2023,20200830,0.001345319,15.78635848,82.70365507,0.064079079,246.3574493
7379_2023,20200830,0.001345066,12.14351292,156.9147054,0.060177033,201.7964712
7379_2023,20230830 08:22:27,0.002127878,22.08291294,138.5532163,0.110891876,199.1391419
7511_2023,20230901,0.000890043,7.80499898,169.9731158,0.039952185,195.3585029
7511_2023,20230901 08:37:05,0.00157052,17.92296244,117.1736124,0.082278653,217.832472
7520_2023,20230901,0.000843303,11.05118893,10.9875,0.035718463,309.3971012
7520_2023,20230901,0.001096663,12.33870908,96.2577134,0.051325068,240.4031718
7520_2023,20230901 08:33:55,0.001936642,23.46453152,94.45243263,0.103082952,227.627664
7043_2023,20230830 08:36:59,0.000964735,9.135784695,151.780289,0.04516433,202.2787625
7043_2023,20230830 08:37:52,0.001847727,16.8310731,185.3250358,0.09654943,174.3259704
7075_2023,20200830,0.001493358,19.63471131,16.56930348,0.068035386,288.5955747
7075_2023,20200830,0.002157264,16.87776713,218.7313661,0.104840979,160.9844472
7090_2023,20230901,0.001483828,17.50102661,48.85134237,0.065296764,268.0228782
7090_2023,20230901,0.002261502,21.34997631,178.8358587,0.115546834,184.7733565
7013_2023,20200830,0.000961206,17.70084017,1.18745,0.042468528,416.7990031
7013_2023,20230830 07:11:57,0.001355085,9.67221709,236.8356856,0.065469176,147.7369605
7258_2023,20230902,0.001292188,11.33497876,105.6743868,0.061412866,184.5700992
7258_2023,20230902,0.00195573,17.97083805,211.5379657,0.119793873,150.0146677
7523_2023,20230901,0.001589138,14.60828214,176.8458038,0.077367449,188.8169032
7523_2023,20230901,0.002463085,21.0956522,194.5817186,0.12093415,174.439166
7074_2023,20200830,0.002359428,18.4334546,214.2129495,0.112706173,163.5531945
7074_2023,20230830 08:32:28,0.002544006,24.80830085,165.4496365,0.1379762,179.8013055
7318_2023,20230830 07:33:01,0.002663598,25.7229143,176.8562431,0.149676914,171.8562573
7318_2023,20230830 07:33:41,0.002772892,25.86744457,187.0349598,0.156524242,165.2615861
7318_2023,20200830,0.003146703,34.78215593,132.1902468,0.165660528,209.9604317
7059_2023,20200830,0.001440994,15.23999971,115.9219538,0.067078114,227.1977962
7059_2023,20200830,0.00219567,20.87598456,155.7657771,0.104470638,199.8263334
7429_2023,20230831 06:57:29,0.002520824,20.97818858,159.1864211,0.112419147,186.606901
7429_2023,20230831 06:59:28,0.002482031,17.58970008,216.7457962,0.115023418,152.9227735
7023_2023,20200830,0.001511241,12.62815292,208.3163546,0.074351764,169.8433542
7023_2023,20230830 07:40:25,0.00218781,8.439577153,356.0045456,0.115167732,73.28074444
7549_2023,20230902,0.002506503,24.44738449,408.757001,0.157469738,155.2513187
7549_2023,20230902,0.005090865,25.68900283,415.2374069,0.280697671,91.51840386
7086_2023,20230830 09:13:37,0.001561757,15.42748208,151.1810917,0.078251726,197.1519719
7086_2023,20230830 09:12:27,0.002597605,19.91109292,242.0553503,0.146695485,135.7307823
7178_2023,20230901,0.001641029,21.45152392,25.61375443,0.076164778,281.6462489
7178_2023,20230901,0.001988461,13.4584611,267.9947736,0.10231473,131.5398193
7459_2023,20230831 07:18:16,0.001290773,10.18185363,194.6430124,0.058632317,173.6559999
7459_2023,20230831 06:52:08,0.002620142,28.41520271,49.29443102,0.114029234,249.1922624
7459_2023,20230831 07:27:29,0.002248442,24.42534326,148.9930598,0.127817879,191.0948872
7207_2023,20230901 08:01:29,0.001903095,2.844644799,434.7284482,0.099446758,28.60470129
7207_2023,20230901,0.002464806,23.39662445,157.3022687,0.118722538,197.0697794
7431_2023,20230831 06:43:30,0.001836287,11.72244763,228.874236,0.078305248,149.7019402
7431_2023,20230831 07:04:23,0.001977197,14.75558874,204.1294745,0.090382152,163.2577713
7012_2023,20230830 07:28:09,0.00033584,1.068600703,371.3864732,0.015319076,69.75621083
7012_2023,20200830,0.001300849,8.684016287,254.7727932,0.061505569,141.190731
7427_2023,20230831 07:06:09,0.00194896,14.74522066,209.2054236,0.091864282,160.5109234
7427_2023,20230831 07:07:00,0.001944014,16.18464503,183.913419,0.092263583,175.4174775
7054_2023,20200830,0.000314909,1.850834702,275.5606922,0.014167662,130.6379792
7054_2023,20200830,0.000634104,3.425646621,303.9209235,0.030448757,112.5053031
7323_2023,20230830 07:39:27,0.000587765,0.670862867,444.093084,0.027810433,24.1227046
7323_2023,20200830,0.001265329,0.242236469,475.9465393,0.058552829,4.137058311
7323_2023,20200830,0.001292504,0.142,478.7794102,0.06001054,2.366251008
7467_2023,20230901 07:05:53,0.001976591,4.442821972,407.0798648,0.099094421,44.83422897
7467_2023,20230901 07:31:54,0.002840174,10.07597118,377.0537983,0.167850138,60.02956731
7022_2023,20200830,0.005770407,8.684672072,445.2351461,0.385743731,22.51409778
7022_2023,20200830,0.007225091,8.821896021,454.4384266,0.519909958,16.96812283
7343_2023,20200830,0.002538902,22.48225202,202.2756666,0.132052613,170.2522309
7343_2023,20230830 07:57:04,0.002836366,29.4975605,175.2050351,0.173463247,170.0507801
7439_2023,20230901,0.00221896,19.09968058,182.5297404,0.104598795,182.5994326
7439_2023,20230831 07:09:52,0.00228279,21.97120486,129.1680198,0.107378733,204.6141184
7008_2023,20200830,0.000893229,2.161459457,402.1445017,0.042745416,50.56587722
7008_2023,20200830,0.000989228,1.49923733,432.0790322,0.047684455,31.44079795
7008_2023,20200830,0.003231977,20.90583461,290.2407075,0.181278413,115.3244572
7342_2023,20200830,0.00179425,16.41116843,161.264773,0.08294936,197.8456305
7342_2023,20200830,0.00193864,17.77753062,167.9290522,0.092325701,192.5523492
7085_2023,20200830,0.002414798,19.36953731,212.146252,0.117620895,164.6776909
7085_2023,20200830,0.002647913,23.28958249,185.0212103,0.129135647,180.3497568
7324_2023,20230830 07:05:27,0.003093002,23.09132807,226.9545871,0.162863371,141.7834348
7324_2023,20200830,0.00314101,24.41609375,236.8186237,0.165537962,147.4954354
7324_2023,20200830,0.003337337,24.70550008,250.0630269,0.17776994,138.9745651
7105_2023,20200830,0.001339464,11.09251245,197.2206361,0.062521542,177.4190481
7105_2023,20200830,0.001425272,13.22800849,159.2838432,0.066041068,200.2997375
7328_2023,20200830,0.00211888,9.437836519,331.5480024,0.101979952,92.54599855
7328_2023,20230830 07:02:03,0.002675424,19.29768904,232.6461941,0.136096365,141.7943013
7150_2023,20230831 06:58:43,0.001289883,8.734428823,203.8027537,0.051962648,168.0905252
7150_2023,20230831 07:23:52,0.001952713,10.85131216,295.3714888,0.099084259,109.5160047
7426_2023,20230831 07:00:56,0.001823302,14.93146359,173.6190434,0.081646982,182.8783294
7426_2023,20230831 06:54:05,0.002346919,25.11120222,60.14967413,0.102407761,245.2080007
7217_2023,20230901,0.001552438,6.561206797,350.6683601,0.080005825,82.00911417
7217_2023,20230901 08:31:14,0.001861652,16.29107425,213.4531582,0.10288011,158.350085
7421_2023,20230831 07:00:15,0.001083271,7.849801791,193.9102799,0.04469483,175.6310931
7421_2023,20230831 07:15:38,0.00292431,26.31317299,173.9234941,0.152415929,172.6405708
7212_2023,20230901 08:13:57,0.000837327,7.796421416,169.959513,0.040490048,192.5515463
7212_2023,20230901 07:57:27,0.002393051,15.32508056,282.9018141,0.133285067,114.9797264
7338_2023,20230830 07:58:43,0.002053726,20.29280223,160.775868,0.108668669,186.7401383
7338_2023,20200830,0.002823108,14.17571587,328.3449022,0.151387136,93.63884033
7126_2023,20230831 06:42:14,0.00284382,25.97587109,128.2818645,0.129113956,201.1856181
7126_2023,20230831 07:05:20,0.003227636,29.74794363,148.8569042,0.160521465,185.3206591
7527_2023,20230901,0.001228201,10.75180897,168.8534857,0.055226766,194.6847486
7527_2023,20230901 08:40:58,0.00211404,24.40317737,115.4033301,0.114241288,213.6108397
7125_2023,20230831 07:08:31,0.002501451,26.42413285,100.3322435,0.120546128,219.2034965
7125_2023,20230831 07:38:44,0.00238888,24.62877745,146.0168053,0.12815784,192.175347
7373_2023,20230901,0.001544152,18.41213989,51.34466438,0.069125498,266.3581532
7373_2023,20230901,0.002171781,24.11155535,93.91224276,0.101850624,236.7344879
7045_2023,20230830 08:38:34,0.000898573,6.965800351,218.9356784,0.04315875,161.3994937
7045_2023,20230830 08:39:22,0.001408304,13.23841041,170.8123627,0.070985554,186.4944306
7442_2023,20230831 06:47:25,0.001799813,14.48048792,106.0648894,0.064583783,224.2124458
7442_2023,20230831 07:12:14,0.002899302,28.61795549,156.8084048,0.157468752,181.7373615
7192_2023,20230901,0.001201891,7.848513427,234.5828877,0.050971986,153.9769979
7192_2023,20230901 07:08:58,0.003524137,24.01703356,250.4696187,0.188043668,127.7205118
7386_2023,20200830,0.001602107,16.95729498,100.6309901,0.07189648,235.8570959
7386_2023,20230830 08:48:21,0.001542779,17.54387434,93.68445083,0.075689509,231.7873972
7066_2023,20200830,0.001329825,11.74627497,177.3578013,0.061898788,189.7658311
7066_2023,20230830 08:10:26,0.001748033,18.26210218,138.8536144,0.090121922,202.6377345
7414_2023,20230830 08:53:59,0.000454556,2.526385834,288.2475728,0.02082408,121.3204057
7414_2023,20200830,0.000980895,5.19317892,294.9465046,0.044563942,116.5332043
7231_2023,20230901,0.000360529,1.200629025,374.5835745,0.017425492,68.90072309
7231_2023,20230901,0.001669444,13.99579544,208.4385859,0.082616715,169.4063416
7385_2023,20200830,0.001988813,19.99553108,131.1194091,0.092705587,215.6885226
7385_2023,20200830,0.002649738,29.28421952,119.2066038,0.133175472,219.8919891
7228_2023,20230901,0.001750107,14.88419358,190.5974196,0.082555987,180.2921159
7228_2023,20230901,0.001952213,18.6993217,157.2679335,0.093792753,199.3685123
7538_2023,20230901 08:14:52,0.001970134,13.17356601,270.9505408,0.106027767,124.2463773
7538_2023,20230901,0.006206672,1.321265726,482.648121,0.484544295,2.726821345
7093_2023,20230830 09:16:48,0.001342353,12.59849683,160.9771196,0.065188334,193.2630598
7093_2023,20230830 09:18:33,0.001842382,17.19771226,172.7912016,0.09461176,181.7714026
7503_2023,20230901,0.001065655,7.28820197,239.9671988,0.048155546,151.3470931
7503_2023,20230901 08:32:16,0.002014204,19.57565032,171.1264652,0.10738974,182.2860388
7138_2023,20230831 07:02:07,0.001818917,14.72420779,170.1789029,0.079688213,184.7727193
7138_2023,20230831 07:26:26,0.002601799,22.06625698,212.7099074,0.144273483,152.9474199
7443_2023,20230831 06:50:08,0.001929925,17.39358938,102.2479415,0.077328154,224.9321682
7443_2023,20230831 06:50:12,0.001953969,17.35328746,108.002464,0.078454436,221.1893733
7443_2023,20230831 07:22:40,0.002610146,22.01429745,199.7600813,0.137661451,159.9162096
7240_2023,20230901,0.001123332,6.270093815,299.9419878,0.055049583,113.8990247
7240_2023,20230901 08:45:24,0.001142774,11.20025639,170.1154454,0.058998481,189.8397421
7351_2023,20200830,0.001532896,13.01632477,185.1816704,0.070741936,183.9972924
7351_2023,20200830,0.001706019,18.9114519,99.15308333,0.080123098,236.0299641
7256_2023,20230902,0.003024408,13.61279199,300.0498232,0.170804303,79.69817944
7256_2023,20230902,0.002070145,7.405694603,340.0107051,0.174199092,42.51281968
7358_2023,20230830 07:54:56,0.001311494,10.72599652,201.0403542,0.063306774,169.4288904
7358_2023,20200830,0.001753842,15.23541572,192.2416072,0.085128138,178.9703868
7205_2023,20230901,0.000974543,6.696979657,230.3835014,0.042622565,157.1228683
7205_2023,20230901,0.001325504,8.533150805,273.075147,0.065687703,129.9048431
7545_2023,20230902,0.002669762,16.42166087,330.8053707,0.139397801,117.8043036
7545_2023,20230902,0.003589418,27.58596832,198.9053816,0.171194656,161.1380227
7560_2023,20230902,0.002652708,11.62218862,183.9936916,0.090138095,128.9375891
7560_2023,20230902,0.002179768,17.19981962,246.6370329,0.126620958,135.837068
7163_2023,20230901,0.001111831,24.10886458,0.567787,0.050748316,475.0672809
7163_2023,20230901 07:25:38,0.001820052,16.31583223,171.7006209,0.088658687,184.0297082
7455_2023,20230831 06:39:29,0.001387287,13.38438047,99.84624004,0.058063572,230.5125235
7455_2023,20230831 07:17:14,0.002424982,25.45915121,121.4314713,0.122847263,207.2423158
7139_2023,20230831 07:14:50,0.002837155,24.39670785,188.7261159,0.147613097,165.2746834
7139_2023,20230831 07:37:20,0.002844767,19.9180735,262.166145,0.161360483,123.4383606
7534_2023,20230901 08:19:30,0.001629809,18.11074284,130.451059,0.086513848,209.3392357
7534_2023,20230901 08:18:33,0.001864994,18.34896237,169.7974519,0.099574653,184.273426
7026_2023,20200830,0.002618267,14.28693637,301.7840601,0.130389408,109.5712958
7026_2023,20200830,0.002709277,24.77760379,181.0860393,0.13584976,182.3897496
7380_2023,20230830 08:21:43,0.002473891,26.79255852,134.5787011,0.135537335,197.6765928
7380_2023,20200830,0.002767822,29.11502278,132.0308697,0.137058187,212.4281913
7010_2023,20230830 07:00:37,0.002320169,8.848563653,342.4632956,0.109738784,80.63296641
7010_2023,20200830,0.002540558,9.834610664,355.7543897,0.127468181,77.15345596
7553_2023,20230902,0.002904197,18.2325004,191.5798273,0.098457604,185.1812319
7553_2023,20230902,0.00230235,16.68377164,190.5694637,0.102295157,163.0944427
7251_2023,20230902,0.001995491,15.39319216,114.2650081,0.069548943,221.328915
7251_2023,20230902,0.003401378,15.92963282,401.0405126,0.211850429,75.19282777
7352_2023,20230830 08:09:07,0.00161048,15.89673992,157.3202746,0.082366872,192.9991952
7352_2023,20200830,0.002456342,25.0912997,138.1937291,0.119841643,209.3704589
7249_2023,20230902,0.001665707,9.11323998,170.9126529,0.071641899,127.2054497
7249_2023,20230902,0.002159074,13.98488233,295.7284458,0.155388637,89.99938863
7536_2023,20230901 08:36:07,0.001171086,10.9988161,175.0367133,0.058797437,187.0628497
7536_2023,20230901 08:35:03,0.001359616,13.33283748,160.3033522,0.068655633,194.1987403
7062_2023,20200830,0.001694295,16.6050439,140.2235842,0.078531167,211.4452723
7062_2023,20200830,0.002012359,11.32478291,292.5277239,0.09706272,116.6748972
7531_2023,20230901,0.002636888,19.64542215,231.3790978,0.129293879,151.9439458
7531_2023,20230901 08:33:10,0.002483431,26.19085141,162.1099048,0.143402932,182.6381861
7031_2023,20230830 07:21:47,0.000370771,0.5122,432.130058,0.016231134,31.55663671
7031_2023,20230830 07:03:51,0.001718359,11.51577868,238.7234536,0.079779326,144.3453991
7501_2023,20230901,0.002058668,15.64697171,229.7169112,0.101075819,154.8043032
7501_2023,20230901 08:41:48,0.001957209,19.14756245,170.7756763,0.104782365,182.736499
7265_2023,20230902,0.001189362,15.23300116,206.8419937,0.072056212,211.4044124
7265_2023,20230902,0.00242291,11.76404574,287.5505737,0.104327851,112.7603577
7481_2023,20230901 07:50:39,0.001630187,15.7930474,169.4903273,0.084763644,186.3186455
7481_2023,20230901 07:52:43,0.002169435,20.14901504,185.720884,0.116761051,172.5662355
7557_2023,20230902,0.002123148,25.52495996,213.3784922,0.119470016,213.651599
7557_2023,20230902,0.003538703,21.69709418,298.2152773,0.223664725,97.00722465
7184_2023,20230901,0.003285671,33.80890494,148.2109352,0.170094299,198.7656555
7184_2023,20230901 07:13:31,0.003427636,27.24480295,221.2458403,0.189789267,143.5529173
7502_2023,20230901,0.000737813,7.945485835,90.57985087,0.032296573,246.016376
7502_2023,20230901,0.000825593,7.815380632,129.7573162,0.035413968,220.6863837
7502_2023,20230901 08:12:56,0.001536664,18.62657196,80.51724082,0.077502723,240.3344188
7161_2023,20230901 07:03:51,0.002750393,18.80671911,240.6221906,0.136225789,138.0554981
7161_2023,20230901 07:45:11,0.002957689,24.92638687,215.6159651,0.166769236,149.4663376
7334_2023,20230830 07:37:06,0.001797782,17.66370209,146.0556649,0.089103651,198.2376908
7334_2023,20230830 07:30:55,0.0029708,33.89142702,115.099362,0.166387979,203.6891563
7218_2023,20230901,0.001862167,20.62144577,100.9711707,0.088127704,233.9950429
7218_2023,20230901,0.001894836,19.5415418,126.7222542,0.089448476,218.4670175
7484_2023,20230901 07:27:25,0.001561561,15.47115717,139.5887697,0.075350207,205.3233525
7484_2023,20230901 07:51:46,0.001842919,20.62324193,119.1416237,0.096187402,214.4068925
7153_2023,20230831 06:51:06,0.002633125,28.11875931,36.97172989,0.109443581,256.9247013
7153_2023,20230831 07:25:26,0.002820936,29.20282823,153.8152588,0.159302669,183.3166289
7345_2023,20200830,0.001680054,19.51619389,122.9086384,0.088010179,221.7492795
7345_2023,20230830 08:31:32,0.002291079,25.83169717,112.911754,0.121735573,212.1951411
7042_2023,20230830 08:35:26,0.001898941,17.5520029,197.1092471,0.105412324,166.5080733
7042_2023,20230830 08:33:23,0.002382224,25.03053095,150.3713159,0.132181634,189.3646657
7376_2023,20230830 08:08:16,0.002534937,19.16585991,244.3924492,0.14196551,135.0036356
7376_2023,20230830 08:41:32,0.002869772,26.28974773,198.518962,0.16664615,157.7579061
7539_2023,20230901,0.000946956,8.951117301,137.8132477,0.041196108,217.2806548
7539_2023,20230901,0.001175808,7.792181465,246.8671756,0.053217898,146.4203173
7237_2023,20230901,0.001155981,9.098657692,204.8445374,0.052660489,172.7795895
7237_2023,20230901 08:53:23,0.001616784,16.08998554,173.7304257,0.087591225,183.6940342
7506_2023,20230901,0.000661801,0.992999548,424.8555588,0.028006588,35.45592764
7506_2023,20230901,0.002755578,5.031339444,421.8529743,0.136471571,36.86730809
7491_2023,20230901 07:35:43,0.002295037,21.45514691,179.9204424,0.122529482,175.101915
7491_2023,20230901,0.003616023,25.63521731,251.4432444,0.187566999,136.672322
7253_2023,20230902,0.001560953,6.503909339,350.3801591,0.081232839,80.06502566
7253_2023,20230902,0.003782215,22.26419079,160.6038926,0.143534663,155.113687
7492_2023,20230901 07:48:08,0.001408265,11.54564683,207.7046802,0.069789759,165.4346859
7492_2023,20230901,0.001554704,18.04079661,66.16680337,0.070149981,257.1746479
7033_2023,20200830,0.001614237,7.640467918,331.4587787,0.081818955,93.38261384
7033_2023,20230830 06:58:20,0.00228503,12.63027934,278.5549304,0.106984278,118.0573406
7405_2023,20230830 09:04:04,0.003102419,25.78940413,223.5616576,0.181286573,142.2576624
7405_2023,20200830,0.003540379,28.45504065,229.4057405,0.189281174,150.3321224
7208_2023,20230901 08:00:27,0.002068868,19.96553137,172.3851691,0.11026033,181.0762882
7208_2023,20230901 07:59:10,0.002001793,12.39545896,292.2868113,0.111073827,111.5965779
7412_2023,20200830,0.000242888,1.923876536,206.2830435,0.011041218,174.2449596
7412_2023,20200830,0.000357682,4.800435881,8.11238,0.014998907,320.0523823
7412_2023,20230830 08:56:50,0.002957015,28.90135023,181.2111338,0.173559545,166.5212378
7106_2023,20200830,0.002266344,20.67901688,178.0011735,0.111403307,185.6230078
7106_2023,20230830 08:50:18,0.00246148,15.94030397,274.8264625,0.134809837,118.2428844
7355_2023,20230830 08:14:05,0.001813917,18.96746831,134.066654,0.092642721,204.7378144
7355_2023,20230830 08:42:46,0.002854346,26.90159962,188.0616356,0.164333599,163.7011525
7260_2023,20230902,0.003735627,20.18598695,179.0539828,0.119124681,169.4526003
7260_2023,20230902,0.003098156,18.03033199,418.683917,0.193185135,93.33188082
7311_2023,20200830,0.002849407,29.69657931,145.8496283,0.146399512,202.8461633
7311_2023,20200830,0.00304267,16.07557045,321.7625695,0.165932775,96.88001905
7027_2023,20200830,0.000818567,4.34970759,302.7771347,0.038191414,113.8922886
7027_2023,20200830,0.000908874,13.67022295,7.9144,0.041832744,326.7828384
7366_2023,20200830,0.00310187,32.14795681,145.2377448,0.158392607,202.9637463
7366_2023,20230830 08:07:01,0.003171295,27.10825903,229.4638635,0.197177899,137.4812247
7025_2023,20200830,0.002154348,12.14673869,297.2517222,0.107087837,113.4278088
7025_2023,20230830 07:59:34,0.003085986,18.36796709,303.8027758,0.186810553,98.3240335
7471_2023,20230901,0.001165451,10.75897089,150.308492,0.05203579,206.7609801
7471_2023,20230901 07:11:23,0.002436807,22.20434281,170.5972281,0.123330045,180.0400121
7094_2023,20200830,0.000975891,7.453639039,234.234603,0.048001989,155.2777121
7094_2023,20200830,0.002203263,14.0007732,282.9780995,0.11494567,121.8033982
7464_2023,20230901,0.001821556,14.26783924,204.5194335,0.083557749,170.7542311
7464_2023,20230901 07:30:06,0.003088461,24.47254359,227.3663117,0.171947853,142.3253806
7235_2023,20230901,0.001530967,13.88828004,166.8323815,0.071128777,195.2554306
7235_2023,20230901,0.002204064,17.23041212,237.8367815,0.114864948,150.0058328
7302_2023,20200830,0.003120293,27.93504407,187.8172959,0.157892203,176.9247845
7302_2023,20230830 07:41:55,0.003621616,19.74101394,315.1418015,0.220676299,89.45688339
7211_2023,20230901,0.00184225,9.058886504,310.9641484,0.086002613,105.3326887
7211_2023,20230901 08:16:43,0.001831252,17.3195166,181.8897878,0.09766526,177.3354886
7441_2023,20230902,0.002065442,13.28821461,227.5164844,0.117459895,113.1298015
7441_2023,20230902,0.004377288,19.37800195,213.8593788,0.178582113,108.5103187
7259_2023,20230902,0.001302188,14.33497876,90.67438682,0.064412866,222.5483767
7259_2023,20230902,0.00345636,13.55144322,211.702493,0.133695846,101.3602415
7329_2023,20230830 07:35:53,0.00243121,22.73749371,171.7286243,0.128055583,177.5595664
7329_2023,20230830 07:32:13,0.003000201,25.13255108,226.2479377,0.177878995,141.2901568
7083_2023,20200830,0.002387109,19.41694269,215.8263588,0.119466377,162.530606
7083_2023,20230830 08:58:02,0.002474399,22.5424887,192.8092237,0.13708209,164.4451775
7432_2023,20230831 06:44:29,0.001722724,16.70813987,57.05325725,0.065750093,254.1158349
7432_2023,20230831 06:38:23,0.001974143,17.4903411,102.4977266,0.077893982,224.5403397
7061_2023,20200830,0.00091575,4.767898221,302.0617184,0.042332117,112.6307533
7061_2023,20230830 08:34:30,0.002566425,17.98833658,259.4886313,0.142449649,126.27856
7529_2023,20230901,0.001837645,14.50067198,219.8270473,0.089935072,161.234896
7529_2023,20230901,0.002064931,16.41796388,208.996379,0.098154866,167.2659186
7529_2023,20230901 08:21:41,0.001887301,19.16419168,165.3437773,0.102727763,186.5531879
7529_2023,20230901,0.002246433,22.01318385,138.2706413,0.10498236,209.6845961
7119_2023,20200830,0.001847877,16.691648,184.3286803,0.090904423,183.6175555
7119_2023,20230830 08:52:17,0.002456314,24.82974458,173.4598534,0.141929107,174.9446973
7547_2023,20230902,0.001736199,18.50050803,128.8915193,0.07963479,232.3169061
7547_2023,20230902,0.002604422,16.97502652,300.4025616,0.156503098,108.4644763
7183_2023,20230901,0.001383871,21.99502344,2.7781,0.062534188,351.7279773
7183_2023,20230901,0.001520074,21.94708757,8.0058,0.069542389,315.5929481
7388_2023,20230901,0.001771767,20.97370361,62.81015221,0.081234667,258.1866127
7388_2023,20230901,0.002646884,24.20340993,185.5590933,0.135042575,179.2279946
7381_2023,20200830,0.002371728,25.9077472,127.5452481,0.119907013,216.0653207
7381_2023,20200830,0.00322153,28.18909453,222.1488916,0.181060235,155.6890422
7176_2023,20230901 07:31:06,0.002835359,21.89773008,239.0807474,0.159621622,137.1852376
7176_2023,20230901,0.003240147,24.39896868,241.6562932,0.169732621,143.7494369
7361_2023,20230830 08:17:09,0.001187094,10.88290967,187.519643,0.061019166,178.3523178
7361_2023,20230830 07:56:01,0.003372611,29.94688434,203.9029526,0.198473077,150.8863813
7169_2023,20230901,0.000899925,9.948781045,78.144268,0.039369868,252.7003938
7169_2023,20230901 07:54:29,0.001626864,6.95803686,343.1757705,0.083248146,83.58188391
7335_2023,20200830,0.001362716,14.23938324,111.7293871,0.061897775,230.0467687
7335_2023,20200830,0.001576653,19.14112674,79.64649244,0.076775875,249.311738
7122_2023,20230831 07:28:31,0.001562113,16.29345636,123.9624863,0.076368368,213.3534716
7122_2023,20230831 07:29:22,0.001659061,19.8093687,92.13548899,0.085740665,231.0381987
7495_2023,20230901,0.001852848,17.21290474,157.2402923,0.086228872,199.6188088
7495_2023,20230901 07:12:16,0.004110847,29.54164853,246.6468402,0.23521261,125.5955137
7162_2023,20230901,0.002205264,25.04007394,87.05066467,0.103822139,241.1824127
7305_2023,20230830 07:38:13,0.002410376,9.72998472,351.2993151,0.12933766,75.22932386
7305_2023,20230830 07:24:20,0.003623779,24.01640633,273.7933021,0.212913501,112.7988887
7151_2023,20230831 07:16:25,0.001503228,3.488484582,399.4467668,0.070301497,49.6217684
7151_2023,20230831 06:56:46,0.003288449,5.603453898,427.3510028,0.179187429,31.27146769
7301_2023,20200830,0.002227057,30.30709774,22.10625536,0.107755386,281.2583094
7301_2023,20200830,0.002788948,30.95078045,140.4048279,0.149784759,206.6350446
7216_2023,20230901,0.00117245,9.987612771,204.0730722,0.057643082,173.2664601
7216_2023,20230901,0.001303534,13.85717926,133.3549611,0.063811087,217.1594281
7551_2023,20230902,0.002491122,16.82840075,258.1330766,0.138530863,121.4776284
7551_2023,20230902,0.004221535,23.70000855,214.7836151,0.16030401,147.8441403
7230_2023,20230901,0.001778077,14.19786346,214.6302638,0.086090173,164.9185154
7230_2023,20230901 08:52:10,0.002272269,20.52628346,217.7252125,0.134731163,152.3499315
7543_2023,20230902,0.001766651,15.38407691,202.839517,0.04197583,366.4984566
7543_2023,20230902,0.003230575,16.82418186,310.6021067,0.169473228,99.27339001
7067_2023,20230901,0.001236367,18.17116428,14.5567,0.060353485,301.0789569
7067_2023,20230901,0.002180558,24.0301271,121.5927529,0.10941511,219.6234794
7515_2023,20230901 08:39:37,0.001599113,14.37642488,194.7682846,0.083765582,171.6268733
7515_2023,20230901 08:42:43,0.002252148,24.67659051,138.0007093,0.123904153,199.1587041
7174_2023,20230901,0.000850003,18.6009006,0.11567,0.036935123,503.6100879
7174_2023,20230901,0.001151034,12.65016694,96.17873777,0.05251952,240.8660056
7403_2023,20230830 09:02:52,0.002202341,19.18437022,201.0446744,0.11821323,162.286152
7403_2023,20230830 09:05:27,0.003593679,31.37878414,218.9954469,0.223601189,140.3337089
7213_2023,20230901,0.001857581,5.32562817,391.3720816,0.094220119,56.52325861
7213_2023,20230901,0.002720471,18.92385371,254.5947541,0.137402442,137.7257448
7556_2023,20230902,0.001285983,17.17931233,240.8443849,0.067358354,255.0435293
7556_2023,20230902,0.002259421,19.19798037,166.215408,0.125405992,153.0866276
7222_2023,20230901 08:49:08,0.001260784,11.39646799,194.3804508,0.065245295,174.6711074
7222_2023,20230901 08:47:32,0.001885285,18.13780968,177.3784584,0.100933597,179.7004191
7542_2023,20230902,0.003516407,19.94142778,280.6047746,0.114541268,174.0981935
7542_2023,20230902,0.002328152,14.45876992,346.4202208,0.129410232,111.7281818
7127_2023,20230831 07:35:11,0.001801616,18.33013851,151.9981086,0.093913026,195.1820666
7127_2023,20230831 07:36:29,0.002228337,25.28003832,115.4817734,0.1196777,211.2343266
7552_2023,20230902,0.003471535,24.81224155,216.7976151,0.12030401,206.2461721
7552_2023,20230902,0.003975357,22.20193551,264.3856555,0.183364279,121.0810283
7038_2023,20230830 07:30:02,0.002276953,13.99923455,278.4499021,0.119068449,117.5729982
7038_2023,20200830,0.002583677,16.37417478,278.6048831,0.132429121,123.64482
7522_2023,20230901 08:28:19,0.001290958,9.469749358,242.106317,0.065102018,145.4601509
7522_2023,20230901,0.002441473,20.33945924,192.1894727,0.11558432,175.9707479
7248_2023,20230902,0.001967325,10.11145126,161.5516721,0.061126759,165.4177553
7248_2023,20230902,0.001931005,10.95632,330.1259163,0.103386328,105.974554
7081_2023,20200830,0.001517771,10.22447719,256.627514,0.07337592,139.3437681
7081_2023,20230830 09:00:10,0.002083936,21.52862984,142.5269028,0.109185084,197.1755576
7525_2023,20230901 08:15:39,0.00274945,25.50370453,193.5521665,0.156190595,163.2857891
7525_2023,20230901,0.003306582,19.95755299,282.9696114,0.167776317,118.9533381
7257_2023,20230902,0.002561243,20.29197396,203.1924049,0.146737165,138.287897
7257_2023,20230902,0.002724408,14.61279199,295.0498232,0.157804303,92.60071945
7463_2023,20230901 07:04:57,0.003323132,29.29742699,185.2361755,0.177836823,164.7433108
7463_2023,20230901 07:02:36,0.003846413,32.3248627,197.5706224,0.209645062,154.1885241
7020_2023,20200830,0.001579501,17.03454862,113.1230058,0.074460098,228.7741899
7020_2023,20230830 07:25:43,0.001742806,10.18702371,297.201235,0.09303507,109.4965981
7535_2023,20230901,0.000963551,6.024457149,265.9273454,0.044372232,135.7708827
7535_2023,20230901 08:27:20,0.001630346,14.28858202,193.6160177,0.082905576,172.3476606
7005_2023,20230830 07:07:21,0.001584606,6.219064093,345.6532632,0.076372667,81.43049545
7005_2023,20230830 07:08:34,0.002572545,11.36092801,329.0255939,0.130126521,87.30678334
7483_2023,20230901,0.001647892,18.88778599,116.7622262,0.083613666,225.893529
7087_2023,20230830 08:51:14,0.00244863,25.25365118,152.1740836,0.13430989,188.0252539
7087_2023,20230830 08:51:18,0.00245012,25.25871035,152.666717,0.134600172,187.6573414
7087_2023,20230830 09:06:27,0.002489279,24.87860574,160.0077612,0.13563595,183.4219154
7469_2023,20230901,0.001283413,20.4795332,2.5567,0.057577929,355.6837389
7469_2023,20230901 07:06:52,0.001783191,15.97804383,159.934582,0.083305903,191.7996589
7559_2023,20230902,0.002017601,12.26897063,337.5466269,0.12888422,95.19373765
7559_2023,20230902,0.00369832,30.24925845,398.1578646,0.243572363,124.1900274
7225_2023,20230902,0.001267601,13.38120363,339.5606269,0.08888422,150.5464483
7225_2023,20230902,0.004122333,17.88728101,231.8933746,0.154590696,115.7073584
7436_2023,20230831 07:19:04,0.001281068,14.89638194,62.68064439,0.05878852,253.389299
7436_2023,20230831 07:19:43,0.001478788,18.03891193,42.19562275,0.068310415,264.072645
7210_2023,20230901 08:43:42,0.001531814,13.62149382,201.7081804,0.081142412,167.8714426
7210_2023,20230901 08:23:38,0.002072011,0.073572362,482.7012995,0.110100998,0.668226117
7400_2023,20230830 09:01:10,0.002220604,21.70792373,175.4198206,0.12305978,176.4014511
7400_2023,20230830 09:19:19,0.002469238,24.33503284,159.3549974,0.132256598,183.9986295
7078_2023,20230830 08:19:09,0.000219957,0.006063099,480.8550006,0.009992314,0.606776234
7078_2023,20200830,0.00108293,10.90179937,126.429963,0.049105074,222.0096323
7572_2023,20230902,0.001657234,12.7556238,286.8512591,0.063725078,200.1664698
7572_2023,20230902,0.002356984,12.03432677,299.7477113,0.109295097,110.1085693
7052_2023,20230830 08:05:32,0.00165938,9.383417868,291.2641031,0.082755644,113.3870443
7052_2023,20230830 08:40:17,0.002286514,19.26536568,204.9595733,0.120778516,159.5098723
7434_2023,20230831 06:45:23,0.001640599,14.62746561,79.15588294,0.060530367,241.6549969
7434_2023,20230831 06:46:34,0.002957775,25.39745471,101.6170566,0.116789314,217.4638577
7063_2023,20200830,0.002485664,27.99441004,103.1449198,0.12139966,230.5971035
7063_2023,20200830,0.002552501,16.1533581,284.6979632,0.134313251,120.266303
7409_2023,20200830,0.001800579,17.25084145,157.8542894,0.086256289,199.9951724
7409_2023,20200830,0.002271708,23.39365556,163.0339263,0.120015114,194.9225792
7177_2023,20230901,0.001545372,20.04623925,41.72999425,0.073625153,272.274329
7177_2023,20230901 07:28:18,0.002550457,25.30977419,151.315073,0.133299564,189.8713948
7337_2023,20200830,0.002653776,21.43592888,216.6140047,0.132795575,161.4205061
7337_2023,20230830 07:26:48,0.003929063,24.07052817,296.4309144,0.24647126,97.66058816
7133_2023,20230831 07:24:36,0.002609487,17.18827397,264.6441018,0.138696615,123.9271335
7133_2023,20230831 07:33:30,0.002774744,21.83154885,230.9217032,0.154697661,141.1239749
